mean_brightness,contrast,min_intensity,max_intensity,median_intensity,dark_pixel_ratio,bright_pixel_ratio,edge_count,edge_density,label
122.224609375,31.51348191896166,23,247,121.0,0.0038464604591836736,0.01092155612244898,18520,0.36910076530612246,1
131.94868064413265,24.096113901023777,8,251,133.0,0.0027901785714285715,0.003786670918367347,18094,0.3606106505102041,1
121.29731345663265,29.88427225337966,2,241,121.0,0.013333067602040817,0.00817123724489796,17454,0.34785554846938777,1
130.24559550382654,25.649018316442923,20,253,131.0,0.0018933354591836734,0.0040058992346938774,18767,0.3740234375,1
131.2088847257653,26.23759792636469,11,254,132.0,0.0023716517857142855,0.00625797193877551,18349,0.36569276147959184,1
136.15583147321428,27.09233379126488,2,252,138.0,0.0069355867346938774,0.0087890625,17673,0.3522201849489796,1
129.6609733737245,22.965946664472614,8,251,132.0,0.0012755102040816326,0.006018813775510204,18079,0.36031170280612246,1
123.45184948979592,22.77440805107427,12,251,125.0,0.00253109056122449,0.004743303571428571,18040,0.3595344387755102,1
125.25139508928571,21.030648199963156,8,251,127.0,0.0013950892857142857,0.0037667410714285715,16790,0.33462213010204084,1
129.09757653061226,29.65997658937728,10,250,132.0,0.008051658163265306,0.005719866071428571,18413,0.36696827168367346,1
125.27423469387755,25.82775703645604,17,251,126.0,0.004384566326530612,0.003587372448979592,17811,0.3549705038265306,1
125.43277662627551,23.909189434951415,4,251,126.0,0.003049266581632653,0.0024314413265306123,16948,0.3377710459183674,1
126.51395089285714,23.197386635117308,19,250,128.0,0.0016143176020408164,0.002311862244897959,17748,0.35371492346938777,1
123.1390306122449,26.2867757916794,4,250,123.0,0.0052614795918367345,0.0047831632653061226,17766,0.3540736607142857,1
120.52887834821429,22.5075623962391,16,251,119.0,0.000817123724489796,0.003168845663265306,14412,0.2872289540816326,1
129.2774433992347,25.83831721703109,13,249,131.0,0.0021125637755102043,0.0033482142857142855,18374,0.36619100765306123,1
130.11401865433675,28.104769048566276,3,252,133.0,0.006796077806122449,0.004444355867346939,18051,0.35975366709183676,1
123.48724489795919,23.912006125056067,14,255,123.0,0.001096141581632653,0.007274394132653061,15670,0.31230070153061223,1
126.67538265306122,23.485516559256414,25,248,127.0,0.0014150191326530613,0.0024115114795918366,17584,0.35044642857142855,1
125.02624760841837,23.148967357749335,16,248,125.0,0.002072704081632653,0.001913265306122449,16654,0.3319116709183674,1
128.21518255739795,22.90955628838132,17,250,129.0,0.0013552295918367347,0.0014947385204081632,16046,0.31979432397959184,1
129.64148198341837,19.821065402178807,3,238,132.0,0.0009367028061224489,0.0015146683673469387,16902,0.3368542729591837,1
131.06160315688774,18.1997143793127,19,246,133.0,0.0005580357142857143,0.001016422193877551,14930,0.2975526147959184,1
125.75988520408163,20.57870456301669,9,252,127.0,0.0022122130102040817,0.00528140943877551,13272,0.26450892857142855,1
126.53360172193878,17.33698637853733,24,250,127.0,0.0001793686224489796,0.0016143176020408164,15160,0.30213647959183676,1
115.35339604591837,18.7734566187437,26,249,115.0,0.00045838647959183676,0.0020129145408163264,16241,0.3236806441326531,1
113.11146763392857,17.716946063150854,25,251,113.0,0.0007174744897959184,0.0011160714285714285,15127,0.30147879464285715,1
116.50384646045919,19.067373110829898,34,248,117.0,0.0001992984693877551,0.0015744579081632653,16721,0.3332469706632653,1
116.30568399234694,19.995365484100088,1,251,116.0,0.0036870216836734694,0.003587372448979592,15188,0.30269451530612246,1
111.88504464285714,18.998189936217578,7,253,112.0,0.002331792091836735,0.002730389030612245,15267,0.3042689732142857,1
118.3416972257653,20.67867291615945,25,248,118.0,0.0008769132653061224,0.0014548788265306123,17124,0.34127869897959184,1
119.41189014668367,25.407603709487056,5,245,120.0,0.0048828125,0.002610809948979592,18421,0.3671277104591837,1
120.2549824617347,26.11763874814091,7,251,121.0,0.00470344387755102,0.0015943877551020409,18723,0.37314652423469385,1
119.97251674107143,22.800217330704687,7,250,121.0,0.0038066007653061226,0.001753826530612245,17377,0.34632095025510207,1
124.19134646045919,23.982061367432628,21,250,125.0,0.0022122130102040817,0.001753826530612245,17550,0.3497688137755102,1
110.4778977997449,37.72926501786991,12,253,110.0,0.04292889030612245,0.004384566326530612,18787,0.37442203443877553,1
117.44060905612245,24.53717107104784,15,249,117.0,0.005859375,0.003009406887755102,17993,0.35859773596938777,1
125.33543925382654,30.025949801296917,12,254,126.0,0.008888711734693877,0.00839046556122449,18296,0.36463647959183676,1
132.73573022959184,32.487091414202894,1,249,137.0,0.01819595025510204,0.009885204081632654,17760,0.3539540816326531,1
126.97973134566327,29.977722910687657,6,248,129.0,0.01167889030612245,0.007393973214285714,17263,0.3440489477040816,1
122.89823820153062,35.56604401688304,2,252,125.0,0.023557079081632654,0.017020089285714284,18444,0.36758609693877553,1
113.36094945790816,27.389361682555993,8,254,113.0,0.013073979591836735,0.006955516581632653,17846,0.35566804846938777,1
117.58350605867346,29.407273070704832,7,249,117.0,0.010104432397959183,0.0047831632653061226,18913,0.37693319515306123,1
114.8188775510204,29.18300189550358,8,251,113.0,0.0087890625,0.006716358418367347,18626,0.3712133290816326,1
126.45509805484694,32.879847319778634,4,253,127.0,0.015625,0.012476084183673469,19078,0.38022161989795916,1
118.88883131377551,33.5353410418563,1,253,117.0,0.017538265306122448,0.013811383928571428,18358,0.36587213010204084,1
122.9775390625,28.5058272014905,6,250,123.0,0.007872289540816327,0.007393973214285714,18090,0.360530931122449,1
126.6108099489796,34.6742591411019,3,252,127.0,0.01420998086734694,0.01953125,19205,0.3827527104591837,1
124.89042570153062,32.43219709382651,3,254,125.0,0.014090401785714286,0.010981345663265306,18872,0.37611607142857145,1
136.8594347895408,31.593697198618365,2,254,137.0,0.011260363520408163,0.0244937818877551,18925,0.37717235331632654,1
132.2194674744898,30.498071391175092,2,254,132.0,0.010084502551020409,0.017996651785714284,18937,0.37741151147959184,1
130.71235251913265,27.612632207524626,3,253,130.0,0.009167729591836735,0.011858258928571428,18408,0.3668686224489796,1
136.82097018494898,30.183110253823337,14,254,136.0,0.005121970663265306,0.027323820153061226,18115,0.3610291772959184,1
130.23377710459184,29.102404917632814,2,254,129.0,0.008689413265306123,0.015525350765306123,18338,0.3654735331632653,1
128.23158482142858,27.893780631796215,4,254,127.0,0.0062380420918367345,0.011240433673469387,18252,0.3637595663265306,1
130.45288584183675,28.76011655906134,8,254,129.0,0.007174744897959184,0.01211734693877551,18253,0.3637794961734694,1
131.09624123086735,35.7964630042411,2,253,129.0,0.013990752551020409,0.03495695153061224,19160,0.38185586734693877,1
129.9002311862245,37.35963114336773,3,253,128.0,0.015644929846938774,0.03854432397959184,19349,0.3856226084183674,1
134.51139987244898,31.073252550397186,5,252,134.0,0.0078125,0.02072704081632653,19049,0.3796436543367347,1
133.8893893494898,27.523296497792963,15,253,134.0,0.003208705357142857,0.01092155612244898,19086,0.3803810586734694,1
133.13253348214286,33.303179051554324,4,253,132.0,0.011220503826530613,0.024374202806122448,19457,0.3877750318877551,1
131.9943399234694,34.34145754281644,7,246,132.0,0.014329559948979591,0.0223812181122449,19261,0.3838687818877551,1
125.85714285714286,28.509516486488636,7,253,123.0,0.006696428571428571,0.012715242346938776,18591,0.37051578443877553,1
126.25312898596938,26.66208224499084,14,253,124.0,0.003248565051020408,0.008888711734693877,18561,0.36991788903061223,1
132.57443797831633,33.41800880696796,1,254,133.0,0.012615593112244899,0.021324936224489797,19223,0.3831114477040816,1
138.55988919005102,32.2163971584999,1,253,139.0,0.012276785714285714,0.025271045918367346,19412,0.3868781887755102,1
136.87946428571428,33.73107433033102,3,251,138.0,0.014807876275510204,0.027224170918367346,19443,0.38749601403061223,1
140.86248405612244,37.732739483186165,1,255,141.0,0.01833545918367347,0.057736766581632654,18901,0.3766940369897959,1
129.0145487882653,30.901367589173613,2,254,127.0,0.007573341836734694,0.018494897959183673,18861,0.3758968431122449,1
138.8327487244898,34.72607549697424,1,254,138.0,0.014309630102040817,0.04037786989795918,19019,0.37904575892857145,1
139.6339883609694,33.39173186017275,1,252,140.0,0.016222895408163265,0.03236607142857143,18796,0.37460140306122447,1
141.0000996492347,32.97945891928326,1,252,141.0,0.01273517219387755,0.038384885204081634,18892,0.3765146683673469,1
135.86710778061226,36.199318534498794,1,253,137.0,0.017697704081632654,0.03734853316326531,19013,0.37892617984693877,1
142.0390027104592,39.04537447854681,1,254,144.0,0.022700095663265307,0.0628188775510204,19071,0.38008211096938777,1
138.65878109056123,32.70955699185706,2,247,141.0,0.014090401785714286,0.023278061224489797,19169,0.38203523596938777,1
140.67524314413265,33.901739004160994,2,250,144.0,0.016721141581632654,0.029017857142857144,19142,0.38149713010204084,1
139.86367984693877,34.191801244806314,1,253,143.0,0.018594547193877552,0.027323820153061226,19134,0.3813376913265306,1
143.81026785714286,34.0643247937302,0,253,144.0,0.020448022959183673,0.04450334821428571,18504,0.36878188775510207,1
140.9025031887755,36.78289069152059,0,253,143.0,0.027802136479591837,0.04314811862244898,18322,0.3651546556122449,1
132.11714764030611,30.52078837321732,1,250,131.0,0.011878188775510204,0.019551179846938774,18722,0.3731265943877551,1
123.90106823979592,31.24624623588174,2,254,120.0,0.007533482142857143,0.018395248724489797,18639,0.37147241709183676,1
123.33454241071429,30.33957027211084,3,254,120.0,0.009885204081632654,0.01211734693877551,18759,0.3738639987244898,1
146.0706114477041,35.04225674987583,2,253,146.0,0.018714126275510203,0.056321747448979595,18582,0.37033641581632654,1
136.63494499362244,30.171380260956695,1,252,135.0,0.012535873724489796,0.022401147959183673,18391,0.3665298150510204,1
136.9149394132653,30.818953509754028,2,250,136.0,0.012416294642857142,0.023098692602040817,18453,0.36776546556122447,1
130.6857461734694,31.196542556695196,5,252,129.0,0.008450255102040817,0.018973214285714284,18741,0.37350526147959184,1
134.53176817602042,32.55998847053481,2,253,133.0,0.011061065051020409,0.03053252551020408,18604,0.3707748724489796,1
123.61256377551021,33.07896307544181,2,254,121.0,0.01128029336734694,0.019252232142857144,18720,0.37308673469387754,1
120.8002630739796,29.149623988887868,4,251,116.0,0.004962531887755102,0.011041135204081632,18435,0.36740672831632654,1
130.25994499362244,33.86852373607019,2,248,129.0,0.011120854591836735,0.024473852040816327,19053,0.3797233737244898,1
121.99485809948979,27.526672287234764,4,248,118.0,0.005022321428571429,0.00914779974489796,17996,0.3586575255102041,1
135.26468829719389,39.43207155090105,1,254,136.0,0.023895886479591837,0.04641661352040816,19038,0.37942442602040816,1
130.49954161352042,47.633756608141425,1,254,131.0,0.05668048469387755,0.07716836734693877,18981,0.37828842474489793,1
141.7011120854592,38.87714712933971,1,253,143.0,0.023895886479591837,0.056939572704081634,18708,0.37284757653061223,1
143.77590880102042,37.21797390085938,1,254,147.0,0.022122130102040817,0.049525669642857144,18782,0.3743223852040816,1
144.45519770408163,39.95543278236026,0,254,148.0,0.02853954081632653,0.060447225765306124,18593,0.3705556441326531,1
131.93710140306123,29.93956480806969,2,253,131.0,0.005799585459183673,0.01331313775510204,19290,0.3844467474489796,1
132.37137276785714,24.85778821379911,26,253,131.0,0.0009367028061224489,0.005121970663265306,18982,0.37830835459183676,1
129.73712531887756,27.959077139250418,19,254,129.0,0.0016940369897959183,0.002889827806122449,19334,0.3853236607142857,1
134.41844706632654,28.085134120345316,33,248,135.0,0.001096141581632653,0.00448421556122449,18773,0.3741430165816326,1
134.41844706632654,28.085134120345316,33,248,135.0,0.001096141581632653,0.00448421556122449,18773,0.3741430165816326,1
172.41165098852042,22.961413928425152,72,251,172.0,0.0,0.11387914540816327,18931,0.37729193239795916,1
127.68672273596938,18.584135952733128,62,236,127.0,0.0,0.001096141581632653,18318,0.3650749362244898,1
128.39066485969389,17.633293494113435,50,231,127.0,0.0,0.0009566326530612245,17811,0.3549705038265306,1
129.34357063137756,21.273436855165027,57,236,129.0,0.0,0.0010363520408163266,18505,0.36880181760204084,1
149.20754942602042,31.884370677753246,58,249,148.0,0.0,0.06367586096938775,18922,0.3771125637755102,1
151.37155213647958,33.79215118477701,55,250,151.0,0.0,0.0790218431122449,19056,0.37978316326530615,1
154.91984215561226,30.62247607947209,66,252,154.0,0.0,0.07403938137755102,18561,0.36991788903061223,1
153.1299426020408,35.36902836571809,52,252,154.0,0.0,0.09546396683673469,19251,0.3836694834183674,1
149.29203204719389,32.55282753195955,55,250,149.0,0.0,0.06399473852040816,18957,0.3778101084183674,1
137.1445910395408,43.72163666784105,28,253,137.0,0.016402264030612245,0.07802535076530612,19067,0.3800023915816326,1
137.80516581632654,41.78388973166224,30,253,138.0,0.012097417091836735,0.0677016900510204,18853,0.3757374043367347,1
130.53041294642858,45.65040519400314,26,254,131.0,0.0340202487244898,0.06517059948979592,19444,0.387515943877551,1
133.53322305484693,15.120584230309076,64,247,133.0,0.0,0.0004982461734693878,13909,0.27720424107142855,1
183.2089245854592,15.243758945022984,115,251,184.0,0.0,0.12025669642857142,13706,0.27315848214285715,1
172.22688137755102,27.205700416863987,57,255,172.0,0.0,0.15037069515306123,18768,0.37404336734693877,1
168.51811623086735,27.785477418034365,50,254,170.0,0.0,0.12089445153061225,19157,0.38179607780612246,1
123.79067681760205,54.23811912868855,20,254,126.0,0.1200374681122449,0.0813735650510204,19260,0.3838488520408163,1
128.60293765943877,53.301347526103626,23,251,133.0,0.09817442602040816,0.0878109056122449,19018,0.3790258290816326,1
131.21297034438774,51.64449537213144,18,253,138.0,0.08940529336734694,0.07635124362244898,18662,0.37193080357142855,1
149.0814134247449,43.57291109756452,35,252,153.0,0.0024115114795918366,0.12167171556122448,19008,0.3788265306122449,1
146.51743861607142,40.52793908017031,41,253,149.0,0.0012356505102040817,0.09060108418367346,19139,0.38143734056122447,1
150.7135084502551,40.3620702299673,40,253,153.0,0.0011160714285714285,0.11017219387755102,19230,0.3832509566326531,1
147.81112484056123,40.14938797036401,39,254,150.0,0.0006178252551020409,0.09512515943877552,19087,0.38040098852040816,1
144.2292928890306,42.49686151595184,26,255,145.0,0.005221619897959184,0.10016741071428571,19287,0.38438695790816324,1
141.0101243622449,41.643770008645994,33,254,140.0,0.00528140943877551,0.0848812181122449,19100,0.38066007653061223,1
139.96115672831633,46.09459016323191,18,253,142.0,0.02365672831632653,0.09681919642857142,18899,0.3766541772959184,1
146.01199776785714,43.145831254601006,33,253,148.0,0.006477200255102041,0.11033163265306123,19122,0.3810985331632653,1
145.55363121811226,44.72476006547584,34,252,148.0,0.009546396683673469,0.11443718112244898,18945,0.37757095025510207,1
128.39289700255102,48.78832310002285,16,250,131.0,0.0712890625,0.0643734056122449,19289,0.38442681760204084,1
143.4872448979592,46.51197133313763,23,253,146.0,0.022022480867346938,0.11358019770408163,19441,0.3874561543367347,1
134.26363201530611,46.90788869090749,18,252,137.0,0.03437898596938776,0.08067602040816327,19264,0.38392857142857145,1
153.96320950255102,41.44913717643628,47,254,157.0,0.00027901785714285713,0.13396843112244897,19375,0.38614078443877553,1
150.1318957270408,42.36935180221238,42,253,154.0,0.0004185267857142857,0.11852279974489796,18952,0.37771045918367346,1
154.6837930484694,42.375252340625195,41,253,158.0,0.00023915816326530612,0.14893574617346939,19184,0.3823341836734694,1
146.1964485012755,43.50241914288837,33,253,149.0,0.0014548788265306123,0.10993303571428571,18864,0.37595663265306123,1
124.97606425382654,43.6403487078069,40,254,115.0,0.0007971938775510204,0.07467713647959184,18130,0.361328125,1
154.5842833227041,38.70958062252838,31,252,158.0,3.985969387755102e-05,0.11758609693877552,19002,0.37870695153061223,1
152.12380420918367,39.602030368609356,37,252,156.0,0.00027901785714285713,0.11144770408163265,19077,0.3802016900510204,1
154.87077487244898,40.53601471536348,43,253,159.0,0.00025908801020408165,0.1366589604591837,18590,0.37049585459183676,1
131.60006776147958,21.033620154719216,36,219,132.0,0.0001992984693877551,0.0003587372448979592,18673,0.3721500318877551,1
170.8602917729592,25.893324597584776,47,250,172.0,1.992984693877551e-05,0.1302814094387755,19351,0.3856624681122449,1
172.77957589285714,23.271278814823994,62,241,173.0,0.0,0.11890146683673469,18482,0.368343431122449,1
173.5335020727041,26.228985029397325,53,247,175.0,0.0,0.15623007015306123,19473,0.38809390943877553,1
171.06427375637756,25.338330750157837,57,241,172.0,0.0,0.12163185586734694,19033,0.3793247767857143,1
173.07387994260205,23.687684732471187,60,243,174.0,0.0,0.12083466198979592,18740,0.3734853316326531,1
164.58334661989795,37.968563251313746,39,248,172.0,0.0002192283163265306,0.17175542091836735,18778,0.37424266581632654,1
169.12781010841837,18.899889485920614,66,239,170.0,0.0,0.0400390625,18673,0.3721500318877551,1
170.49601403061226,25.58920518364972,63,242,172.0,0.0,0.12063536352040816,19347,0.3855827487244898,1
171.5224609375,25.591258696169007,61,246,173.0,0.0,0.13127790178571427,19416,0.3869579081632653,1
170.86356026785714,26.125139578584324,58,246,172.0,0.0,0.13155691964285715,19564,0.3899075255102041,1
170.08942522321428,27.885157098147783,60,247,171.0,0.0,0.14582669005102042,19583,0.39028619260204084,1
135.09992825255102,18.067297399624685,51,250,135.0,0.0,0.0024115114795918366,18191,0.3625438456632653,1
177.66388313137756,23.147080945252828,66,253,179.0,0.0,0.15202487244897958,19126,0.3811782525510204,1
176.9562141262755,23.93427887125081,71,252,178.0,0.0,0.15626992984693877,19121,0.38107860331632654,1
180.6799465880102,20.37205029740137,77,254,182.0,0.0,0.15866151147959184,18560,0.36989795918367346,1
189.8212292729592,18.459240266902505,86,254,191.0,0.0,0.27931680484693877,18158,0.3618861607142857,1
181.39973294005102,22.72116604069501,69,255,182.0,0.0,0.19387755102040816,18732,0.37332589285714285,1
187.78461814413265,20.30667762328969,89,254,189.0,0.0,0.26552535076530615,17112,0.34103954081632654,1
182.11922034438774,22.29539590162046,84,253,183.0,0.0,0.20461973852040816,18619,0.37107382015306123,1
181.01323341836735,23.81385465248752,86,253,183.0,0.0,0.21259167729591838,19050,0.37966358418367346,1
181.9961933992347,24.59602428712829,79,254,184.0,0.0,0.2335578762755102,19263,0.3839086415816326,1
183.69569116709184,24.11743022416842,75,254,185.0,0.0,0.2552016900510204,19211,0.3828722895408163,1
175.8571627869898,23.103060851605303,78,254,177.0,0.0,0.14064492984693877,19189,0.38243383290816324,1
172.3065808354592,24.76980148787485,67,254,173.0,0.0,0.12470105229591837,19337,0.38538345025510207,1
183.39885602678572,22.23563185041047,85,253,184.0,0.0,0.2281768176020408,18812,0.3749202806122449,1
172.0957629145408,24.032365365160288,70,254,173.0,0.0,0.11706792091836735,18967,0.3780094068877551,1
177.60764110331633,22.908591925135134,66,251,178.0,0.0,0.16127232142857142,18949,0.37765066964285715,1
185.43263711734693,18.636867620150664,86,254,187.0,0.0,0.20896444515306123,18556,0.3698182397959184,1
181.62472098214286,23.04139235464947,81,254,183.0,0.0,0.21149553571428573,19254,0.3837292729591837,1
132.84765625,18.8074838876139,55,253,131.0,0.0,0.003009406887755102,16459,0.32802535076530615,1
175.68470982142858,20.1225657422774,69,253,174.0,0.0,0.10941485969387756,17361,0.3460020727040816,1
170.59420838647958,20.63334260240653,75,254,169.0,0.0,0.08310746173469388,17563,0.3500279017857143,1
174.84018255739795,24.351943824816736,57,255,174.0,0.0,0.14088408801020408,17974,0.358219068877551,1
169.13924984056123,26.322172126995508,46,254,168.0,1.992984693877551e-05,0.12310666454081633,18188,0.362484056122449,1
168.99744897959184,23.61587465886049,40,254,169.0,0.00013950892857142856,0.09084024234693877,18704,0.37276785714285715,1
170.74075255102042,24.658022034327928,45,253,171.0,9.964923469387755e-05,0.1075015943877551,18734,0.3733657525510204,1
167.40025111607142,28.55689388839431,40,254,167.0,0.00023915816326530612,0.1251594387755102,19042,0.37950414540816324,1
171.6468431122449,28.977468478929023,36,254,171.0,0.0006776147959183673,0.1585419323979592,19037,0.3794044961734694,1
167.7224968112245,28.88138031290556,40,254,168.0,0.0003985969387755102,0.12649473852040816,18997,0.3786073022959184,1
162.19652822066325,34.10347278169781,30,254,163.0,0.003667091836734694,0.12691326530612246,18981,0.37828842474489793,1
156.64923469387756,37.41797857431339,23,253,159.0,0.008510044642857142,0.11369977678571429,19321,0.3850645727040816,1
172.0877311862245,33.35055445966416,32,254,174.0,0.0020527742346938774,0.18582589285714285,19093,0.38052056760204084,1
124.00773278061224,28.618673619595306,28,253,119.0,0.0011160714285714285,0.018853635204081634,17017,0.33914620535714285,1
181.7597058354592,29.067530208900703,72,255,178.0,0.0,0.24192841198979592,17950,0.3577407525510204,1
165.5201490752551,28.69893897272466,59,255,162.0,0.0,0.12322624362244898,17800,0.3547512755102041,1
174.18949298469389,27.678053818857425,58,254,171.0,0.0,0.1683673469387755,17555,0.3498684630102041,1
159.12970344387756,31.409759325836173,50,255,154.0,0.0,0.12067522321428571,17734,0.3534359056122449,1
162.94363839285714,31.635785362858506,24,254,160.0,0.0018933354591836734,0.12890625,18542,0.36953922193877553,1
160.9783561862245,31.32874660460794,22,253,158.0,0.0021125637755102043,0.11754623724489796,18214,0.36300223214285715,1
166.12727200255102,32.490365784362176,32,254,164.0,0.0007971938775510204,0.15254304846938777,18143,0.3615872130102041,1
171.9796516262755,31.966934941189592,35,254,170.0,0.0006178252551020409,0.18674266581632654,18401,0.36672911352040816,1
173.12671396683675,31.184623052642536,35,255,171.0,0.00033880739795918367,0.19188456632653061,18530,0.3693000637755102,1
165.8029336734694,30.176099264815335,36,254,164.0,0.00015943877551020407,0.13366948341836735,18507,0.3688416772959184,1
162.40395806760205,32.25349979215635,33,253,160.0,0.0005779655612244898,0.12860730229591838,18407,0.36684869260204084,1
172.43132174744898,24.463493590026328,44,253,172.0,0.00015943877551020407,0.11322146045918367,17690,0.35255899234693877,1
155.05554448341837,30.8310075142672,32,255,152.0,0.0022520727040816328,0.08282844387755102,18072,0.360172193877551,1
171.6806640625,30.8731952165908,31,254,172.0,0.0012157206632653062,0.16169084821428573,18279,0.36429767219387754,1
163.89650430484693,31.35320189438577,38,253,164.0,0.0006178252551020409,0.11694834183673469,18506,0.3688217474489796,1
171.07250478316325,30.362274457161977,41,254,172.0,0.0004185267857142857,0.15361926020408162,18291,0.36453683035714285,1
157.35797991071428,15.472834291792829,82,240,157.0,0.0,0.003946109693877551,15721,0.3133171237244898,0
157.84723772321428,16.719629171255303,85,247,157.0,0.0,0.01700015943877551,15133,0.3015983737244898,0
159.89973294005102,14.94493410535399,88,254,160.0,0.0,0.004544005102040816,15362,0.3061623086734694,0
160.14275749362244,14.682978317815259,101,250,160.0,0.0,0.0052016900510204085,14749,0.2939453125,0
166.23718510841837,19.595236645352227,108,254,164.0,0.0,0.05953045280612245,14612,0.29121492346938777,0
167.3933553890306,18.987191986079377,101,253,166.0,0.0,0.0517578125,14784,0.29464285714285715,0
159.59675940688774,16.26203699170955,89,249,159.0,0.0,0.01580436862244898,13165,0.2623764349489796,0
159.322265625,17.255031387859745,63,252,158.0,0.0,0.0243343431122449,12458,0.2482860331632653,0
153.84327168367346,14.862657459050368,91,251,154.0,0.0,0.0017737563775510204,15031,0.2995655293367347,0
152.96853077168367,15.192874897990357,94,240,153.0,0.0,0.001953125,15517,0.3092514349489796,0
153.34608179209184,15.00629205411302,90,244,153.0,0.0,0.0020129145408163264,15306,0.30504623724489793,0
154.05147879464286,14.725291988157934,93,252,154.0,0.0,0.002232142857142857,14941,0.2977718431122449,0
155.44359853316325,16.303294170997138,91,248,155.0,0.0,0.01175860969387755,15380,0.3065210459183674,0
155.33328683035714,15.834296859600213,88,246,155.0,0.0,0.00546077806122449,15922,0.3173230229591837,0
152.78091119260205,15.614616803078228,81,238,153.0,0.0,0.0026705994897959183,16187,0.32260443239795916,0
150.18243781887756,15.32742788349943,56,230,150.0,0.0,0.0014349489795918368,15613,0.31116470025510207,0
147.92823262117346,15.562195568638465,78,233,148.0,0.0,0.0013950892857142857,15190,0.302734375,0
148.546875,15.574856881927944,71,239,148.0,0.0,0.0014349489795918368,15320,0.30532525510204084,0
151.09245455994898,15.669524637893739,76,229,151.0,0.0,0.0022520727040816328,14973,0.2984095982142857,0
150.2258848852041,15.254959974538076,65,234,150.0,0.0,0.0012755102040816326,15140,0.30173788265306123,0
151.82557397959184,15.295436024872112,79,234,152.0,0.0,0.0014548788265306123,14825,0.2954599808673469,0
154.0115194515306,15.027074405806493,83,240,154.0,0.0,0.002232142857142857,14438,0.28774713010204084,0
155.55859375,15.527468392517314,84,250,155.0,0.0,0.004264987244897959,14319,0.28537547831632654,0
156.70992107780611,15.442941197265991,90,243,156.0,0.0,0.004404496173469388,14503,0.28904257015306123,0
155.81776147959184,14.885295385497601,79,249,156.0,0.0,0.0031887755102040817,14532,0.2896205357142857,0
156.4453722895408,15.17398845297119,78,253,157.0,0.0,0.003706951530612245,14517,0.2893215880102041,0
157.1963887117347,16.124134054645182,92,235,157.0,0.0,0.008529974489795918,14628,0.29153380102040816,0
158.75243144132654,16.487449510995745,79,241,159.0,0.0,0.010144292091836735,15070,0.3003427933673469,0
167.22873485331633,23.555541102323588,85,255,164.0,0.0,0.06592793367346939,14655,0.2920719068877551,0
158.87954400510205,14.659365669526256,81,246,159.0,0.0,0.0037268813775510204,14648,0.2919323979591837,0
162.97026466836735,17.827289574277824,91,252,162.0,0.0,0.033502072704081634,13974,0.278499681122449,0
160.27562978316325,15.45432552579786,87,252,160.0,0.0,0.007553411989795918,13838,0.27578922193877553,0
166.45942283163265,23.09351370357228,77,255,164.0,0.0,0.07380022321428571,14198,0.2829639668367347,0
166.18393255739795,23.532316494801844,73,255,163.0,0.0,0.08769132653061225,14890,0.2967554209183674,0
161.17478475765307,19.79879717590116,83,254,159.0,0.0,0.04350685586734694,15333,0.3055843431122449,0
159.25954639668367,17.71098159128672,88,252,158.0,0.0,0.02188297193877551,14942,0.2977917729591837,0
157.45083306760205,16.180960276507125,81,250,157.0,0.0,0.007932079081632654,15725,0.3133968431122449,0
157.21817203443877,16.598851059033287,98,234,157.0,0.0,0.008769132653061224,15203,0.3029934630102041,0
157.99324378188774,17.998328422531426,87,255,157.0,0.0,0.018215880102040817,16016,0.31919642857142855,0
163.0169602997449,25.98244836236723,89,255,159.0,0.0,0.07924107142857142,15586,0.3106265943877551,0
155.96137595663265,15.901528249126363,90,234,156.0,0.0,0.00332828443877551,15618,0.3112643494897959,0
157.4336535395408,16.033348445322435,91,234,158.0,0.0,0.005161830357142857,15560,0.3101084183673469,0
156.81196189413265,16.22030306235899,89,254,157.0,0.0,0.009008290816326531,16068,0.3202327806122449,0
166.4767617984694,26.490302130941064,95,255,162.0,0.0,0.08882732780612244,14890,0.2967554209183674,0
157.76632254464286,15.750418288296238,90,245,158.0,0.0,0.003866390306122449,15749,0.31387515943877553,0
158.47506776147958,17.34181238588862,86,238,158.0,0.0,0.011220503826530613,16151,0.32188695790816324,0
158.2011120854592,14.951405113452791,89,224,159.0,0.0,0.0034279336734693877,15760,0.31409438775510207,0
159.2257852359694,16.60473357563377,94,236,159.0,0.0,0.010243941326530613,15898,0.3168447066326531,0
160.42637914540816,17.035384400680627,91,247,160.0,0.0,0.020228794642857144,15648,0.31186224489795916,0
159.9893574617347,16.008578942135475,93,251,160.0,0.0,0.011818399234693877,15508,0.3090720663265306,0
159.20360331632654,16.141500261820024,95,247,159.0,0.0,0.012057557397959183,15422,0.3073580994897959,0
153.08350605867346,29.578230065877868,37,253,155.0,0.0003985969387755102,0.036013233418367346,19173,0.38211495535714285,0
161.98770328443877,30.344707738347648,36,254,165.0,0.0004384566326530612,0.0826889349489796,18975,0.3781688456632653,0
150.7503587372449,32.455638690547424,25,254,152.0,0.0015943877551020409,0.048329878826530615,19167,0.3819953762755102,0
163.1917649872449,30.76131898927735,27,253,166.0,0.0002192283163265306,0.09357063137755102,18716,0.37300701530612246,0
158.7772441007653,30.022239862247886,37,253,162.0,0.00025908801020408165,0.06016820790816327,18754,0.3737643494897959,0
161.70053411989795,27.623552830002893,41,253,164.0,7.971938775510203e-05,0.058314732142857144,18631,0.37131297831632654,0
155.35407366071428,25.94774490601417,45,253,156.0,3.985969387755102e-05,0.03573421556122449,18430,0.3673070790816326,0
157.2838209502551,24.972053538805774,22,253,158.0,0.00013950892857142856,0.03615274234693878,18140,0.36152742346938777,0
165.92247289540816,22.71712854390265,64,254,167.0,0.0,0.04731345663265306,18378,0.3662707270408163,0
164.90941884566325,27.83135657946273,28,253,167.0,0.00029894770408163266,0.08101482780612244,18689,0.37246890943877553,0
165.4044563137755,22.064115088907908,57,252,166.0,0.0,0.04569913903061224,18118,0.3610889668367347,0
165.57629145408163,21.466233623800544,47,253,168.0,1.992984693877551e-05,0.031728316326530615,18117,0.3610690369897959,0
164.92169563137756,24.5255072335902,44,252,168.0,3.985969387755102e-05,0.0467155612244898,18840,0.3754783163265306,0
162.96342873086735,29.75087887374735,51,252,166.0,0.0,0.08133370535714286,18955,0.3777702487244898,0
155.96215322066325,25.209776417655544,31,251,157.0,0.00029894770408163266,0.03130978954081633,18703,0.3727479272959184,0
168.3270487882653,25.233749036347728,43,253,168.0,1.992984693877551e-05,0.10214046556122448,18531,0.369319993622449,0
168.1770567602041,26.927090087108898,40,251,169.0,1.992984693877551e-05,0.12358498086734694,18598,0.3706552933673469,0
171.6951132015306,26.54577723964691,48,252,173.0,3.985969387755102e-05,0.14319595025510204,18532,0.36933992346938777,0
152.0205676020408,32.32102800851665,37,253,153.0,0.00027901785714285713,0.0587531887755102,19157,0.38179607780612246,0
155.66932397959184,24.848408153129792,39,254,157.0,7.971938775510203e-05,0.03146922831632653,18517,0.36904097576530615,0
154.21950733418367,27.218871307274558,30,251,155.0,0.0001992984693877551,0.035654496173469385,18936,0.3773915816326531,0
151.96518255739795,28.740926562179208,31,249,154.0,0.0006377551020408163,0.03099091198979592,17899,0.35672433035714285,0
160.78529575892858,25.97538111235287,35,251,161.0,7.971938775510203e-05,0.05901227678571429,18161,0.36194595025510207,0
172.68979193239795,19.663388524936405,69,253,174.0,0.0,0.0667251275510204,17643,0.3516222895408163,0
166.23820153061226,19.751443481354485,77,251,166.0,0.0,0.03724888392857143,17375,0.34628109056122447,0
164.29621731505102,19.850808905406037,76,248,164.0,0.0,0.035235969387755105,17270,0.3441884566326531,0
146.8211296237245,29.206191587406202,27,251,150.0,0.001634247448979592,0.023955676020408163,18091,0.36055086096938777,0
150.6400071747449,25.327991310911568,44,252,151.0,3.985969387755102e-05,0.02893813775510204,18630,0.37129304846938777,0
146.12406329719389,29.03602340221282,46,251,148.0,1.992984693877551e-05,0.02002949617346939,18640,0.37149234693877553,0
154.15377869897958,30.116394847181358,50,252,156.0,0.0,0.05313297193877551,18833,0.37533880739795916,0
149.6505500637755,33.41687589472573,28,253,151.0,0.00013950892857142856,0.05474728954081633,19414,0.38691804846938777,0
131.4440369897959,36.82541602565974,20,252,132.0,0.00603874362244898,0.024613360969387755,19566,0.3899473852040816,0
149.61838329081633,31.803062206174783,50,250,151.0,0.0,0.04563934948979592,19033,0.3793247767857143,0
145.20463966836735,32.302919535063445,42,251,147.0,0.00031887755102040814,0.03471779336734694,19056,0.37978316326530615,0
144.1288066007653,33.13433052400697,32,249,145.0,0.00047831632653061223,0.038165656887755105,19110,0.380859375,0
139.65168606505102,35.25859154884931,42,250,141.0,0.0003587372448979592,0.03356186224489796,19190,0.38245376275510207,0
135.82836415816325,35.477327154545534,35,254,137.0,0.0014548788265306123,0.026227678571428572,19051,0.37968351403061223,0
138.97829639668367,34.387851657424626,33,253,140.0,0.002272002551020408,0.028778698979591837,19039,0.3794443558673469,0
141.41659359056123,34.3376568219779,39,252,143.0,0.0009367028061224489,0.035813934948979595,18894,0.37655452806122447,0
147.10790019132654,34.35662421308473,39,252,149.0,0.00045838647959183676,0.05100047831632653,18768,0.37404336734693877,0
133.94357860331633,37.04681233291649,25,253,134.0,0.004583864795918368,0.03376116071428571,18899,0.3766541772959184,0
133.55508609693877,36.88092301046107,26,253,134.0,0.004902742346938775,0.030731823979591837,18986,0.37838807397959184,0
134.2275390625,36.19549616530118,26,252,135.0,0.005321269132653061,0.027881855867346938,18860,0.37587691326530615,0
140.55859375,35.989792736962265,33,253,141.0,0.0014349489795918368,0.04611766581632653,18599,0.3706752232142857,0
132.74162946428572,35.62121256394803,25,252,132.0,0.00390625,0.028997927295918366,18420,0.3671077806122449,0
128.67038026147958,34.970164664699425,27,252,128.0,0.005939094387755102,0.01877391581632653,18626,0.3712133290816326,0
139.9079041772959,39.107757309569486,24,253,141.0,0.0040058992346938774,0.056361607142857144,19218,0.38301179846938777,0
148.1685865752551,38.68840276997616,33,252,149.0,0.0010562818877551021,0.0909000318877551,18973,0.37812898596938777,0
146.46434550382654,31.094640028701985,46,254,146.0,9.964923469387755e-05,0.04235092474489796,18108,0.3608896683673469,0
146.97237723214286,31.33451954079708,39,251,147.0,3.985969387755102e-05,0.04037786989795918,18240,0.3635204081632653,0
145.15397799744898,31.99984752571735,42,252,146.0,7.971938775510203e-05,0.03910235969387755,18292,0.3645567602040816,0
149.03784677933675,30.965313953311714,51,252,150.0,0.0,0.04436383928571429,18020,0.3591358418367347,0
146.83464205994898,33.07990077800309,42,252,148.0,0.00015943877551020407,0.0480110012755102,18295,0.36461654974489793,0
147.01717952806123,33.08466607011409,40,251,148.0,0.0001793686224489796,0.04685507015306122,18336,0.36543367346938777,0
148.13731664540816,31.940433379104554,47,252,149.0,5.978954081632653e-05,0.04571906887755102,18093,0.3605907206632653,0
150.25290975765307,32.073965288779156,42,253,151.0,9.964923469387755e-05,0.05426897321428571,17928,0.3573022959183674,0
146.8320910395408,32.106644521488256,42,251,148.0,0.0002192283163265306,0.04233099489795918,18177,0.36226482780612246,0
146.98419563137756,32.2746728176044,43,252,148.0,0.00025908801020408165,0.0439453125,18079,0.36031170280612246,0
148.20304528061226,31.127869565478612,44,252,149.0,9.964923469387755e-05,0.04376594387755102,18212,0.3629623724489796,0
150.38273278061226,30.990697151607037,46,253,151.0,1.992984693877551e-05,0.05084103954081633,18110,0.36092952806122447,0
148.60760124362244,31.764204154910285,44,249,149.0,0.00025908801020408165,0.04534040178571429,18212,0.3629623724489796,0
147.66838727678572,32.04957424337567,43,251,149.0,0.0001793686224489796,0.04276945153061224,18095,0.36063058035714285,0
150.01554528061226,31.70077179583162,46,251,151.0,0.00013950892857142856,0.0498046875,18280,0.3643176020408163,0
130.93893494897958,37.24917949566621,24,252,132.0,0.006138392857142857,0.02481265943877551,19386,0.38636001275510207,0
155.78850446428572,28.237239761890958,58,252,157.0,0.0,0.05112005739795918,17527,0.3493104272959184,0
151.7937858737245,28.89137727647868,53,251,153.0,0.0,0.04027822066326531,17856,0.35586734693877553,0
150.56206154336735,28.707338141331622,51,251,151.0,0.0,0.035853794642857144,17955,0.3578404017857143,0
149.98722496811226,28.47841332893231,48,249,150.0,1.992984693877551e-05,0.033860809948979595,17872,0.3561862244897959,0
151.04593829719389,28.828208257935525,45,254,151.0,3.985969387755102e-05,0.03902264030612245,18164,0.3620057397959184,0
149.57234534438774,28.91283859910296,45,252,150.0,3.985969387755102e-05,0.034060108418367346,18248,0.36367984693877553,0
150.5221022002551,28.78901159244243,50,250,151.0,0.0,0.03573421556122449,18103,0.3607900191326531,0
151.84727758290816,28.54006324141166,49,251,152.0,1.992984693877551e-05,0.0411750637755102,18027,0.35927535076530615,0
152.05676020408163,28.120535482863907,48,250,153.0,1.992984693877551e-05,0.03772720025510204,17892,0.35658482142857145,0
151.96570073341837,28.244288541213823,49,254,152.0,1.992984693877551e-05,0.03904257015306122,17865,0.35604671556122447,0
162.61073022959184,27.27057109428773,61,254,165.0,0.0,0.07067123724489796,17298,0.34474649234693877,0
148.12527901785714,26.775053866765514,39,254,145.0,0.00033880739795918367,0.04099569515306122,18514,0.3689811862244898,0
156.15860172193877,23.522578510162468,69,253,153.0,0.0,0.05307318239795918,18355,0.36581234056122447,0
159.5471739477041,22.768682731558993,74,254,156.0,0.0,0.05901227678571429,17473,0.34823421556122447,0
157.3788464604592,22.161984784484307,71,253,155.0,0.0,0.04641661352040816,17295,0.34468670280612246,0
156.19162547831633,23.8332048662731,42,253,154.0,3.985969387755102e-05,0.05135921556122449,17820,0.3551498724489796,0
158.28244579081633,25.788931361202255,53,255,156.0,0.0,0.06821986607142858,17815,0.3550502232142857,0
162.21071827168367,23.462871928434758,47,254,159.0,1.992984693877551e-05,0.07013313137755102,17776,0.35427295918367346,0
149.76325334821428,26.036930869501987,48,254,147.0,3.985969387755102e-05,0.04900749362244898,17931,0.3573620854591837,0
151.06544961734693,26.0381051804054,54,253,147.0,0.0,0.05297353316326531,17697,0.3526985012755102,0
150.4629902742347,26.750563719257503,47,254,147.0,1.992984693877551e-05,0.05825494260204082,17909,0.3569236288265306,0
155.40192522321428,24.383726432941412,55,253,153.0,0.0,0.05528539540816327,18077,0.3602718431122449,0
169.18120216836735,19.429659008653402,94,254,167.0,0.0,0.07079081632653061,17589,0.35054607780612246,0
169.5622010522959,18.882366466184184,91,253,168.0,0.0,0.06606744260204081,17035,0.33950494260204084,0
169.0321667729592,19.920907505933105,100,252,166.0,0.0,0.07806521045918367,17375,0.34628109056122447,0
166.2040417729592,19.720504516776803,96,252,163.0,0.0,0.06441326530612244,17186,0.3425143494897959,0
173.59396922831633,19.443815484633056,103,253,171.0,0.0,0.09765625,17023,0.33926578443877553,0
174.7335578762755,17.437849124705163,103,252,173.0,0.0,0.08288823341836735,15789,0.31467235331632654,0
170.63077965561226,17.25665345097612,109,253,168.0,0.0,0.061423788265306124,15608,0.31106505102040816,0
173.00890864158163,18.448451552178977,108,254,170.0,0.0,0.08131377551020408,15383,0.3065808354591837,0
170.05618223852042,19.340889483790217,106,251,167.0,0.0,0.0758529974489796,16304,0.3249362244897959,0
133.6448301977041,30.006901416710793,37,253,130.0,0.00029894770408163266,0.03045280612244898,18942,0.3775111607142857,0
131.7908561862245,28.825996649634707,33,254,126.0,3.985969387755102e-05,0.03063217474489796,18384,0.366390306122449,0
143.0735012755102,27.025646732312318,53,254,139.0,0.0,0.03900271045918367,18384,0.366390306122449,0
151.59761639030611,25.834757736983114,71,254,148.0,0.0,0.049685108418367346,18047,0.3596739477040816,0
158.4903340242347,28.327024318841524,62,254,156.0,0.0,0.08304767219387756,18791,0.3745017538265306,0
168.87769052933675,27.213466365932945,71,255,166.0,0.0,0.13600127551020408,18365,0.36601163903061223,0
168.18094308035714,20.947625586997884,99,254,166.0,0.0,0.0741390306122449,17793,0.3546117665816326,0
170.9797512755102,19.78571500456093,96,253,169.0,0.0,0.07760682397959184,17501,0.3487922512755102,0
169.65202487244898,22.367255793720613,60,254,167.0,0.0,0.09442761479591837,17982,0.35837850765306123,0
167.10546875,19.993930370531228,69,252,167.0,0.0,0.0450813137755102,17353,0.34584263392857145,0
165.2951809630102,19.320729763342452,78,251,165.0,0.0,0.04027822066326531,17106,0.34091996173469385,0
129.67065927933675,18.33976639277335,44,252,129.0,3.985969387755102e-05,0.00470344387755102,16417,0.32718829719387754,0
171.94768415178572,19.582078082400752,85,252,171.0,0.0,0.07284359056122448,17089,0.3405811543367347,0
151.7205038265306,32.30863880536199,61,254,148.0,0.0,0.08808992346938775,18901,0.3766940369897959,0
156.77289939413265,28.26184085245796,59,254,154.0,0.0,0.07517538265306123,18017,0.3590760522959184,0
155.9704440369898,27.220012362838133,42,254,155.0,0.0001793686224489796,0.05779655612244898,17227,0.3433314732142857,0
159.63793447066325,17.412881822224662,84,253,159.0,0.0,0.019591039540816327,16710,0.33302774234693877,0
160.94437579719389,17.55364508734294,86,249,160.0,0.0,0.024553571428571428,16662,0.33207110969387754,0
167.53920200892858,18.163453716015095,79,251,167.0,0.0,0.04077646683673469,16737,0.3335658482142857,0
172.99754862882654,17.737084520876827,85,249,173.0,0.0,0.05668048469387755,15730,0.31349649234693877,0
172.2998046875,17.908027410987213,96,250,172.0,0.0,0.0576171875,16022,0.31931600765306123,0
167.92147640306123,18.141698532010626,82,251,168.0,0.0,0.04181281887755102,15639,0.3116828762755102,0
170.10672433035714,19.786829062205815,76,251,171.0,0.0,0.0587531887755102,15782,0.3145328443877551,0
177.42761479591837,14.789031865109697,79,250,177.0,0.0,0.06226084183673469,14491,0.2888034119897959,0
180.9522082270408,14.307138925629182,100,250,180.0,0.0,0.08033721301020408,14697,0.2929089604591837,0
170.0383848852041,15.13635151716219,106,249,169.0,0.0,0.03549505739795918,15188,0.30269451530612246,0
169.14835778061226,17.380676713081286,87,247,169.0,0.0,0.03515625,14823,0.2954201211734694,0
162.94168526785714,17.745407889866307,82,247,162.0,0.0,0.021763392857142856,15808,0.31505102040816324,0
161.83348612882654,17.835687879345482,84,251,161.0,0.0,0.019670758928571428,15993,0.31873804209183676,0
166.21169483418367,16.676385373064377,96,243,165.0,0.0,0.027582908163265307,13399,0.2670400191326531,0
167.57049186862244,17.41473778501841,93,248,167.0,0.0,0.03627232142857143,16081,0.320491868622449,0
164.68923389668367,17.294118073288853,78,251,164.0,0.0,0.024274553571428572,16514,0.32912149234693877,0
165.54611766581633,16.769740501949826,93,248,165.0,0.0,0.027881855867346938,16056,0.3199936224489796,0
173.06218112244898,16.475815219381865,107,252,173.0,0.0,0.0509406887755102,16046,0.31979432397959184,0
172.07746731505102,16.612176347257897,101,252,172.0,0.0,0.041314572704081634,16157,0.3220065369897959,0
171.0392617984694,17.141930926346365,81,251,171.0,0.0,0.04370615433673469,16000,0.31887755102040816,0
170.20388233418367,18.242175056927376,78,249,171.0,0.0,0.042271205357142856,16227,0.3234016262755102,0
166.48716517857142,17.140336341805433,94,248,166.0,0.0,0.023377710459183673,15847,0.31582828443877553,0
164.00247130102042,17.565602083211736,91,245,164.0,0.0,0.018534757653061226,16062,0.32011320153061223,0
165.70920360331633,17.8969455904396,94,250,165.0,0.0,0.026506696428571428,16307,0.32499601403061223,0
174.02397560586735,17.61189183487201,101,250,174.0,0.0,0.06529017857142858,16172,0.32230548469387754,0
172.5452208227041,17.25797552170608,95,248,173.0,0.0,0.05036272321428571,16112,0.321109693877551,0
173.71819196428572,16.69373619572124,109,252,173.0,0.0,0.05807557397959184,16169,0.32224569515306123,0
160.83215082908163,17.048614634833132,89,250,161.0,0.0,0.014987244897959183,16896,0.336734693877551,0
160.7091438137755,16.92328412383595,83,250,160.0,0.0,0.015625,17089,0.3405811543367347,0
161.2028659119898,16.870409917523432,89,250,161.0,0.0,0.014867665816326531,17168,0.34215561224489793,0
174.27038823341837,15.40853025387582,105,253,174.0,0.0,0.04765226403061224,16522,0.329280931122449,0
177.1954719387755,15.78536886238841,103,253,177.0,0.0,0.07122927295918367,16174,0.3223453443877551,0
170.1812818877551,16.31101370630201,93,252,170.0,0.0,0.036611128826530615,16377,0.32639110331632654,0
170.2492825255102,16.4828501955643,96,250,170.0,0.0,0.039142219387755105,16516,0.3291613520408163,0
170.96133609693877,16.165690206738873,98,251,170.0,0.0,0.04107541454081633,16274,0.3243383290816326,0
170.85981345663265,16.701754980143022,93,253,171.0,0.0,0.043088329081632654,16673,0.3322903380102041,0
167.15262276785714,16.06759578233175,94,250,167.0,0.0,0.02610809948979592,15977,0.3184191645408163,0
165.19581074617346,16.268650477202684,84,250,165.0,0.0,0.02198262117346939,15938,0.3176419005102041,0
